Country,Year,Total Emissions,Coal,Oil,Gas,Cement,Flaring,Other,Per Capita,Energy from renewable & waste sources,Total Energy,Fraction from renewable sources and waste,Hydroelectric power,"Wind, wave, tidal",Solar photovoltaic,Geothermal aquifers,Landfill gas,Sewage gas,Biogas from autogen,Municipal solid waste (MSW),Poultry litter,Straw,Wood,Charcoal,Liquid bio-fuels,Bioethanol,Biodiesel,Biomass,Cross-boundary Adjustment
United Kingdom,1990,601.945078,252.689667,217.799809,113.517625,7.295263,6.78708,3.855634,10.521595,1.647,225.532,0.007,0.448,0.001,0.0,0.001,0.08,0.138,0.0,0.183,0.0,0.007,0.687,0.039,0.0,0.0,0.0,0.065,0.0
United Kingdom,1991,609.412673,253.622509,218.39034,121.693416,5.994176,6.260327,3.451905,10.62445,1.634,231.288,0.007,0.398,0.001,0.0,0.001,0.105,0.151,0.0,0.185,0.0,0.007,0.687,0.036,0.0,0.0,0.0,0.065,0.0
United Kingdom,1992,593.845922,237.74694,218.44676,122.295506,5.456386,6.444191,3.45614,10.326096,1.843,228.696,0.008,0.467,0.003,0.0,0.001,0.155,0.151,0.0,0.21,0.016,0.007,0.736,0.033,0.0,0.0,0.0,0.065,0.0
United Kingdom,1993,579.612537,207.685853,219.163179,137.590681,5.524922,6.635621,3.01228,10.054433,1.862,231.368,0.008,0.37,0.019,0.0,0.001,0.162,0.158,0.0,0.268,0.043,0.007,0.736,0.034,0.0,0.0,0.0,0.065,0.0
United Kingdom,1994,574.01689,195.375628,215.736312,145.455289,6.36781,7.425508,3.656342,9.933511,2.528,230.739,0.011,0.438,0.03,0.0,0.001,0.188,0.17,0.0,0.385,0.101,0.007,1.108,0.034,0.0,0.0,0.0,0.065,0.0
United Kingdom,1995,566.158959,181.699266,211.595054,154.253805,6.284903,8.341181,3.984749,9.773095,2.644,230.886,0.011,0.416,0.034,0.0,0.001,0.199,0.193,0.0,0.411,0.101,0.007,1.182,0.035,0.0,0.0,0.0,0.065,0.0
United Kingdom,1996,586.760676,173.071522,216.892453,177.542516,6.416449,8.706841,4.130894,10.102875,2.581,243.392,0.011,0.292,0.042,0.0,0.001,0.249,0.193,0.0,0.396,0.101,0.007,1.194,0.041,0.0,0.0,0.0,0.065,0.0
United Kingdom,1997,562.708106,154.728657,207.743352,182.886752,6.710493,7.210749,3.428103,9.660192,2.611,240.756,0.011,0.378,0.057,0.0,0.001,0.317,0.192,0.0,0.465,0.101,0.007,0.991,0.038,0.0,0.0,0.0,0.065,0.0
United Kingdom,1998,568.543698,154.087839,204.933885,191.361381,6.838169,7.448362,3.87406,9.728953,3.013,246.79,0.012,0.44,0.075,0.0,0.001,0.402,0.181,0.0,0.649,0.112,0.007,1.077,0.04,0.0,0.0,0.0,0.029,0.0
United Kingdom,1999,561.649574,138.3134,201.66302,205.231254,6.530861,6.170552,3.740487,9.57871,3.148,246.112,0.013,0.459,0.073,0.0,0.001,0.572,0.189,0.0,0.633,0.148,0.007,0.959,0.033,0.0,0.0,0.0,0.074,0.0
United Kingdom,2000,569.033716,144.44308,198.237954,210.131006,6.331884,6.446023,3.443769,9.669215,3.164,248.037,0.013,0.437,0.081,0.0,0.001,0.731,0.169,0.0,0.678,0.159,0.015,0.766,0.036,0.0,0.0,0.0,0.09,0.0
United Kingdom,2001,577.970573,153.533658,198.650759,210.160357,5.843838,6.49308,3.288881,9.780857,3.27,252.807,0.013,0.348,0.083,0.0,0.001,0.836,0.168,0.0,0.731,0.199,0.076,0.716,0.033,0.0,0.0,0.0,0.078,0.0
United Kingdom,2002,560.2732,141.691083,196.130348,207.030373,5.988265,6.178655,3.254476,9.43925,3.575,244.98,0.015,0.412,0.108,0.0,0.001,0.892,0.174,0.0,0.795,0.195,0.061,0.716,0.035,0.0,0.0,0.002,0.183,0.0
United Kingdom,2003,571.618782,153.102776,194.397355,208.462265,5.867549,5.56312,4.225717,9.582912,3.802,248.011,0.015,0.278,0.111,0.0,0.001,1.088,0.165,0.003,0.816,0.181,0.085,0.719,0.037,0.0,0.0,0.016,0.301,0.0
United Kingdom,2004,573.429762,147.662298,197.952289,211.734175,5.97663,5.618775,4.485595,9.557824,4.407,249.249,0.018,0.418,0.166,0.0,0.001,1.327,0.177,0.005,0.79,0.164,0.08,0.778,0.04,0.011,0.0,0.017,0.434,0.0
United Kingdom,2005,570.33837,148.032654,200.447656,205.437837,5.941163,5.991193,4.487867,9.445231,5.026,249.704,0.02,0.423,0.25,0.001,0.001,1.421,0.206,0.005,0.794,0.158,0.071,1.019,0.036,0.173,0.048,0.027,0.393,0.001
United Kingdom,2006,567.845659,160.843769,197.183104,194.12641,5.89278,5.271742,4.527855,9.338998,5.38,243.557,0.022,0.395,0.363,0.001,0.001,1.465,0.19,0.006,0.856,0.147,0.075,0.992,0.035,0.202,0.054,0.139,0.458,0.003
United Kingdom,2007,559.566476,150.843509,196.16027,196.519574,6.117015,5.417125,4.508983,9.134187,5.579,239.041,0.023,0.437,0.453,0.001,0.001,1.547,0.211,0.007,0.882,0.152,0.071,0.96,0.034,0.06,0.086,0.285,0.386,0.006
United Kingdom,2008,544.932405,139.219107,188.799534,202.654948,5.204877,4.749941,4.303998,8.825938,6.463,235.284,0.027,0.442,0.612,0.001,0.001,1.554,0.23,0.009,0.91,0.179,0.079,1.206,0.031,0.028,0.116,0.729,0.322,0.013
United Kingdom,2009,494.107701,113.823148,180.26388,188.07048,3.721209,4.880534,3.34845,7.938318,7.258,220.872,0.033,0.45,0.798,0.002,0.001,1.626,0.249,0.016,1.089,0.176,0.076,1.214,0.033,0.014,0.18,0.859,0.462,0.014
United Kingdom,2010,511.904582,118.030363,179.84842,201.927123,3.79201,4.737995,3.568671,8.156537,7.94,227.221,0.035,0.309,0.884,0.003,0.001,1.725,0.295,0.043,1.093,0.182,0.086,1.398,0.05,0.016,0.356,0.862,0.622,0.015
United Kingdom,2011,469.713315,117.149672,172.059735,168.235546,4.096816,4.453032,3.718514,7.422031,8.846,213.972,0.041,0.489,1.373,0.021,0.001,1.758,0.318,0.088,1.087,0.212,0.08,1.537,0.048,0.016,0.367,0.765,0.674,0.014
United Kingdom,2012,487.476776,148.005461,170.288365,158.2399,3.723954,3.645807,3.573288,7.639657,9.523,216.058,0.044,0.457,1.707,0.116,0.001,1.722,0.306,0.177,1.26,0.196,0.092,1.811,0.049,0.049,0.463,0.522,0.586,0.011
United Kingdom,2013,477.611268,142.456568,165.756488,157.622225,4.02911,4.215954,3.530924,7.427593,11.238,213.781,0.053,0.4,2.442,0.173,0.001,1.711,0.32,0.252,1.182,0.207,0.105,2.518,0.082,0.055,0.492,0.63,0.657,0.012
United Kingdom,2014,438.807081,115.433547,166.510706,144.492208,4.214814,4.436023,3.719782,6.774484,13.332,202.499,0.066,0.51,2.748,0.349,0.001,1.664,0.343,0.367,1.464,0.208,0.129,3.133,0.082,0.003,0.468,0.785,1.064,0.013
United Kingdom,2015,422.460794,91.548016,170.772559,147.8994,4.393361,4.641191,3.206267,6.47704,16.075,203.941,0.079,0.54,3.463,0.648,0.001,1.612,0.366,0.522,1.952,0.222,0.167,4.166,0.08,0.004,0.461,0.554,1.308,0.01
United Kingdom,2016,399.430131,47.824616,173.93028,165.742039,4.553321,4.5586,2.821275,6.083754,16.75,202.261,0.083,0.46,3.195,0.894,0.001,1.556,0.387,0.761,2.392,0.227,0.247,4.164,0.053,0.001,0.452,0.586,1.365,0.009
United Kingdom,2017,387.367141,39.128801,174.850612,161.697365,4.40979,4.301261,2.979312,5.863442,18.656,197.273,0.095,0.51,4.268,0.985,0.001,1.419,0.398,0.925,2.561,0.216,0.261,4.236,0.089,0.001,0.452,0.574,1.751,0.009
United Kingdom,2018,379.729755,33.280249,173.087118,161.485261,4.363948,4.476409,3.036771,5.715981,21.034,198.125,0.106,0.47,4.893,1.089,0.001,1.298,0.407,0.982,2.932,0.214,0.259,4.913,0.107,0.0,0.445,0.939,2.071,0.013
United Kingdom,2019,364.753306,24.512705,168.995529,159.320842,4.448499,4.28319,3.192541,5.462124,22.871,192.5,0.119,0.5,5.485,1.082,0.001,1.202,0.434,1.016,3.255,0.222,0.335,5.37,0.068,0.0,0.443,1.319,2.121,0.018
United Kingdom,2020,326.263199,22.809405,143.980921,149.420095,3.899688,3.442599,2.710492,4.865281,24.472,169.439,0.144,0.58,6.481,1.131,0.001,1.16,0.44,1.021,3.367,0.223,0.338,5.478,0.074,0.0,0.359,1.335,2.469,0.017
